{"cameraMode":{"drawMode":0,"name":"Shaded","section":"Shading Mode"},"sceneLighting":true,"audioPlay":false,"sceneViewState":{"m_AlwaysRefresh":false,"showFog":true,"showSkybox":true,"showFlares":true,"showImageEffects":true,"showParticleSystems":true,"showVisualEffectGraphs":true,"m_FxEnabled":true},"in2DMode":false,"pivot":{"x":287.4776306152344,"y":59.45780563354492,"z":18.226133346557618},"rotation":{"x":0.0009019828867167234,"y":0.0018091379897668958,"z":0.0000985008300631307,"w":-1.0000498294830323},"size":549.605224609375,"orthographic":false}