{"cameraMode":{"drawMode":0,"name":"Shaded","section":"Shading Mode"},"sceneLighting":false,"audioPlay":false,"sceneViewState":{"m_AlwaysRefresh":false,"showFog":false,"showSkybox":false,"showFlares":false,"showImageEffects":false,"showParticleSystems":false,"showVisualEffectGraphs":true,"m_FxEnabled":true},"in2DMode":false,"pivot":{"x":-0.1375298649072647,"y":-0.27004164457321169,"z":-1.2269295454025269},"rotation":{"x":0.00477680005133152,"y":-0.9952012300491333,"z":0.06487737596035004,"w":0.07327624410390854},"size":1.9878904819488526,"orthographic":false}