{"cameraMode":{"drawMode":0,"name":"Shaded","section":"Shading Mode"},"sceneLighting":false,"audioPlay":false,"sceneViewState":{"m_AlwaysRefresh":false,"showFog":true,"showSkybox":false,"showFlares":true,"showImageEffects":true,"showParticleSystems":true,"showVisualEffectGraphs":true,"m_FxEnabled":true},"in2DMode":false,"pivot":{"x":1.8900001049041749,"y":0.6310505867004395,"z":1.4645508527755738},"rotation":{"x":0.25563132762908938,"y":-0.2973214387893677,"z":0.08295969665050507,"w":0.9161829352378845},"size":0.8761960864067078,"orthographic":false}